id,family_name,genus_name,scientific_name,species_name,rank,sequence
P1,Rosaceae,Geum,Geum,NA,genus,atcccgttttatgaaaagaaataagggtttcagaacgcgagaataaataaag
P2,Salicaceae,NA,Saliceae,NA,tribe,atcctatttttcgaaaacaaacaaaggttcataaagacagaataagaatacaaaag
P3,NA,NA,Eukaryota,NA,superkingdom,ctccttttttcaaaagcaagaataaaaaaaaag
P4,Poaceae,Festuca,Festuca altaica,Festuca altaica,species,atctgtgttttgagaaaactaggaggttctcgaactagaatacaaaggaaaag
P5,NA,NA,Mesangiospermae,NA,clade,atcccgttttatgaaaacaaacaagggtttcagaaagcgagaataaataaag
P6,Poaceae,NA,Pooideae,NA,subfamily,atccgtgttttgagaaaacaaggggttctcgaactagaatacaaaggaaaag
P7,NA,NA,Spermatophyta,NA,clade,atccggttcatggagacaatagtttcttcttttattctcctaagataggaaggg
P8,Onagraceae,Chamaenerion,Chamaenerion angustifolium,Chamaenerion angustifolium,species,atcctattttacgaaaaccaacaccggggggttagaaagcgataaaaaaaaaag
P9,Polygonaceae,NA,Polygonoideae,NA,subfamily,ctcctgctttccaaaaaggaagaataaaaaag
P10,Rosaceae,NA,Potentilleae,NA,tribe,atcctgttttatgaaaacaaacaaaggtttcagaaagcgagaataaataaag
P11,Salicaceae,Populus,Populus,NA,genus,atcctatttttcgaaaacaaacaaaaaaacaaacaaaggttcataaagacagaataagaatacaaaag
P12,Poaceae,NA,Poeae,NA,tribe,atccgtgttttgagaaaacaagggggttctcgaactagaatacaaaggaaaag
P13,Rosaceae,Potentilla,Potentilla,NA,genus,atcccgttttatgaaaacaaacaagggtttcataaagcgagaataaataaag
P14,Ericaceae,Arctostaphylos,Arctostaphylos uva-ursi,Arctostaphylos uva-ursi,species,atcttttttttttttcgaaaataaagaaagattcagaaagcgaaaaaaaag
P15,Pinaceae,Pinus,Pinus subgen. Pinus,NA,subgenus,atccggttcatgaagacaatgtttcttctcctaatataggaaggg
P16,Rosaceae,Potentilla,Potentilla,NA,genus,atcccgttttctgaaaacaaataagggtttcagaaagcgagaa
P17,Poaceae,Bromus,Bromus,NA,genus,atccgtgttttgagaaaaaaaaagggggggttctcgaactagaatacaaaggaaaag
P18,Crassulaceae,Rhodiola,Rhodiola integrifolia,Rhodiola integrifolia,species,atcttcttttccgaaactaaacccaaataaaggggaataaaaaag
P19,NA,NA,Pentapetalae,NA,clade,ctccttttttcaaaagcaagaataaaaaaaag
P20,Polygonaceae,NA,Rumiceae,NA,tribe,ctcctcctttccaaaaggaagaataaaaaag
P21,Fabaceae,Vicia,Vicia,NA,genus,atccttctttccgaaaacaaaaaaagaaaagttcagaaagtgaaaatcaaaaaag
P22,Ericaceae,Arctostaphylos,Arctostaphylos uva-ursi,Arctostaphylos uva-ursi,species,atctttttttttttcgaaaataaagaaagattcagaaagcgaaaaaaaag
P23,NA,NA,campanulids,NA,clade,atcacgttttccgaaaacaaacaaaggttcagaaagcgaaaagaaaaaaaa
P24,Asteraceae,NA,Asteroideae,NA,subfamily,atcacgttttccgaaaacaagcaaaggttcagaaagcgaaaatcaaaaag
P25,Ericaceae,Arctostaphylos,Arctostaphylos uva-ursi,Arctostaphylos uva-ursi,species,atctttttttttttttcgaaaataaagaaagattcagaaagcgaaaaaaaag
P26,Plantaginaceae,Penstemon,Penstemon,NA,genus,atcctatgcttctcaaaataaaggttcaaaaagcgaaaataagg
P27,Caryophyllaceae,NA,Alsineae,NA,tribe,ctccttaattgtctcctaaaaaaaacggattcaaaaagaaagaataaaaaag
P28,Poaceae,NA,Poaceae,NA,family,atccgtgttttgagaaaaccaggaggttctcgaactagaatacaaaggaaaag
P29,Ophioglossaceae,Botrychium,Botrychium lunaria,Botrychium lunaria,species,atcttgtttctacgacga
P30,Ericaceae,Arctous,Arctous,NA,genus,atctttttttttcgaaaataaagaaagattcagaaagcgaaaaaaaag
P31,Cyperaceae,Carex,Carex,NA,genus,atcttctttttgagaaaaagaaatatataaaatatttcttatttcagataagaaatattttatttcttatctaatattaaa
P32,Pinaceae,Abies,Abies,NA,genus,atccggttcatagagaaaagggtttctctccttctcctaaggaaagg
P33,Poaceae,NA,Poeae Chloroplast Group 1 (Aveneae type),NA,clade,atccgtgttttgagaaaacaaaggggttctcgaatcgaactagaatacaaaggaaaag
P34,Poaceae,NA,Pooideae,NA,subfamily,atccgtgttttgagaaaacaaggaggttctcgaactagaatacaaaggaaaag
P35,Asteraceae,Agoseris,Agoseris retrorsa,Agoseris retrorsa,species,atcacgttttccgaaaacaaaaaaaaggttcagaaagcgaaaataaaaaag
P36,Poaceae,NA,Poeae,NA,tribe,atccatgttttgagaaaacaagggggttctcgaactagaatgcaaaggaaaag
P37,NA,NA,Pentapetalae,NA,clade,atcacgttttccgaaaacaaacaaaggttcagaaagcgaaaataaaaaag
P38,NA,NA,Spermatophyta,NA,clade,atccgatttctagagacaatagtttcctttccgagaacgg
P39,Fabaceae,Oxytropis,Oxytropis,NA,genus,atcctgctttccgaaaacaacaaaataaaagttcagaaagttaaaatgaaacaaataaag
P40,Rosaceae,NA,Colurieae,NA,tribe,atcccgttttatgaaaagaaacaagggtttcagaacgcgagaataaataaag
P41,Poaceae,Helictochloa,Helictochloa,NA,genus,atccgtgttttgagaaaacaagaaggttctcgaactagaatacaaaggaaaag
P42,Fabaceae,Astragalus,Astragalus,NA,genus,atcctgctttccgaaaacaaaaaaataaaagttcagaaagttaaaattaaacaaaaaag
P43,Rosaceae,NA,Dryadoideae,NA,subfamily,atcctgttttatgaaaacaaacaagggtttcagaaagcgcgaataaaaagg
P44,Equisetaceae,Equisetum,Equisetum,NA,genus,attcgatttag
P45,Rosaceae,NA,Fragariinae,NA,subtribe,atcccgttttatgaaaacaaacaaaggtttcagaaagcgagaataaataagg
P46,Ericaceae,Arctous,Arctous alpina,Arctous alpina,species,atcttttttttttcgaaaataaagaaagattcagaaagcgaaaaaaaag
P47,Fabaceae,NA,Hedysareae,NA,tribe,atcctgctttccaaaaacaaacaaataaaagttcagaaagtcaaaataaaaaaag
P48,NA,NA,Mesangiospermae,NA,clade,atctttattttgagaaaattggtttttatagaaaaactcaaatcaaaaaa
P49,Anacardiaceae,NA,Anacardiaceae,NA,family,atcctattttatgagaacaaaaacaaacaaggggtcagaacgggagaaagag
P50,Elaeagnaceae,NA,Elaeagnaceae,NA,family,atccagttttctgattctgaaaacaaacaagggttcagaaagcaatacaaag
P51,Poaceae,Bromus,Bromus,NA,genus,atccgtgttttgagaaaaaaaaaaggggggttctcgaactagaatacaaaggaaaag
P52,Rosaceae,Rubus,Rubus occidentalis,Rubus occidentalis,species,atcccgttttatgaaaacaaacaaaggtttcagaaagcgagaataaataaag
P53,Poaceae,Triticum,Triticum,NA,genus,atctgtgttttgagaaaacaaggggttctcgaactagaatacaaaggaaaag
P54,Poaceae,NA,Poeae,NA,tribe,atccgtgttttgagaaaacaaaggggttctcgaactagaatacaaaggaaaag
P55,Campanulaceae,NA,Campanulaceae,NA,family,atccggttttctgacaataacaaaaggttcagaaagcgaaaatcaaaaag
P56,Elaeagnaceae,Elaeagnus,Elaeagnus,NA,genus,atccagttttctgactctgaaaacaaacaagggttcagaaagcaataaaag
P57,NA,NA,Pentapetalae,NA,clade,atcacgttttccgaaaacaaaggttcagaaagcgaaaatcaaaaag
P58,NA,NA,Lamiales,NA,order,atcctgttttctcaaaacaaaggttcagaaaacgaaaaaaaaag
P59,Rubiaceae,Galium,Galium,NA,genus,atcctgttttccgaaaacaaaggttcagaaagttaaaaaagg
P60,Hydrophyllaceae,Phacelia,Phacelia sericea,Phacelia sericea,species,atcctgttttccgaaaacaaagaaagattcagaaagtgaaaaaag
P61,NA,NA,Mesangiospermae,NA,clade,atcacgttttccgaaaacaagcaaaggttcagaaagcgaaaataaaaaag
P62,Asteraceae,NA,Asteroideae,NA,subfamily,atcacgttttccgaaaacaaacaaaggttcagaaagcgaaaataaaaaaaag
P63,Poaceae,Achnatherum,Achnatherum richardsonii,Achnatherum richardsonii,species,atccgtgttttgagaaaatcaagtagttctcgaactagag
P64,Poaceae,NA,Poeae Chloroplast Group 2 (Poeae type),NA,clade,atccgtgttttgagaagggggttctcgaactagaatacaaaggaaaag
P65,Poaceae,Bromus,Bromus riparius,Bromus riparius,species,atccgtgttttgagaaaaaaaaaggggggttctcgaactagaatacaaaggaaaag
P66,Polygonaceae,Oxyria,Oxyria digyna,Oxyria digyna,species,ctccttcgtccaaaaggaagaataaaaaag
P67,Ranunculaceae,Anemone,Anemone,NA,genus,atccttatttcagaaaacaaaagggggttcagaaagcaagaataaaaaaag
P68,Fabaceae,Oxytropis,Oxytropis,NA,genus,atcctgctttccgaaaacaaaaaaataaaagttcagaaagttaaaatgaaacaaataaag
P69,Poaceae,NA,Danthonieae,NA,tribe,atcccttttttgaaaaaacaagtggtcctcaaactagaacccaaaggaaaag
P70,NA,NA,Mesangiospermae,NA,clade,atcacgttttccgaaaacaaacaaaggttcagaaagcgaaaatcaaaaag
P71,Rubiaceae,NA,Rubieae,NA,tribe,atcctatttttcgaaaacaaaggtttagaaagtgaaaaaggg
P72,Asteraceae,Saussurea,Saussurea,NA,genus,atcacgttttccgaaaacaaacaaaggttcagaaagcgaaaatccaaaag
P73,Cyperaceae,Carex,Carex,NA,genus,atcttctttttgagaaaaagaaatatataaaatatttcttatttcagataagaaagaataatatttcttatctaatattaaa
P74,NA,NA,Mesangiospermae,NA,clade,atcacgttttccgaaaacaaacaaaggttcagaaagcgaaaataaaaag
P75,Saxifragaceae,Saxifraga,Saxifraga,NA,genus,atcctgttttaagaaagcaacacacaagggttcagaaaaagcgaaaaaagaatag
P76,Boraginaceae,Myosotis,Myosotis,NA,genus,atccggttttccgaaaacaaaagttgaaaaagaaaaaaggaaggag
P77,Cyperaceae,Carex,Carex,NA,genus,atcttctttttgagaaaaagaaatatagaaaatatttcttatttcagataagaaagaataatattttcttatctaatattaaa
P78,Asparagaceae,Maianthemum,Maianthemum stellatum,Maianthemum stellatum,species,atctttatttttagaaaaacaaggattttctttgaaaaactagaaaaaaagg
P79,Comandraceae,Comandra,Comandra umbellata,Comandra umbellata,species,atcctgttttacgaaaacaagggggcttctaaagcaaacgagaatcaaaaaag
P80,Brassicaceae,NA,Brassicaceae,NA,family,atcctgggttacgcgaacaaaccggagtttagaaagcgagaaaaaagg
P81,Poaceae,Castellia,Castellia tuberculosa,Castellia tuberculosa,species,atctgtgttttgagaaaacaaggaggttctcgaactagaatacaaaggaaaag
P82,Fabaceae,NA,IRL clade,NA,clade,atccttctttccgaaaacaaacaaataaaagttcagaaagtgaaaatcaaaaaag
P83,Saxifragaceae,NA,Saxifragaceae,NA,family,atcctgttttatgaaaaaaaaag
P84,Juncaceae,Luzula,Luzula,NA,genus,atcttaatctggagaaaacttgtttctctataaaaactagaatcaaaaaggataaag
P85,Poaceae,NA,Stipeae,NA,tribe,atccgtgttttgagaaaacaagtagttctcgaactagag
P86,Caryophyllaceae,NA,Caryophyllaceae,NA,family,ctcctttatgttttgtttcttttttttttagcaaag
P87,Saxifragaceae,Micranthes,Micranthes,NA,genus,atcctgttttatgaaaaaaaaaag
P88,Melanthiaceae,Anticlea,Anticlea,NA,genus,atctttattttgagaaatcaaaggtttaggtttagtttctaaaagaaaactagaataaaaaaag
P89,Caryophyllaceae,Stellaria,Stellaria,NA,genus,ctccttaaatcgtctcctaaaaaaaaacggattcaaaaagcaagaataaaaaag
P90,NA,NA,Mesangiospermae,NA,clade,atcccttttttgaaaaacaagtggttctcaaactagaacccaaaggaaaag
P91,Cyperaceae,Carex,Carex,NA,genus,atcttctttttgagaaaaagaaatatataaaatatttcttatttcagataagaaataatattttttcttatctaatattaaa
P92,NA,NA,Hypnales,NA,order,atcttatttcgtttgaagataa
P93,Comandraceae,Geocaulon,Geocaulon lividum,Geocaulon lividum,species,atcctgttttacgaaaacaaagggggcttctaaagcaaacgagaataaaaaaag
P94,Poaceae,Bromus,Bromus,NA,genus,atccgtgttttgagaaaaaaaaaagggggggttctcgaactagaatacaaaggaaaag
P95,NA,NA,Pinidae,NA,subclass,atccggttcatgaagacaatgtttcttctcctaagataggaaggg
P96,Juncaceae,Luzula,Luzula,NA,genus,atcttaatctggagaaaatttgtttctctataaaaactagaatcaaaaag
P97,Fabaceae,Astragalus,Astragalus,NA,genus,atcctgctttccgaaaacaaaaaaataaaagttcagaaagttaaaattg
P98,Orobanchaceae,Pedicularis,Pedicularis capitata,Pedicularis capitata,species,atcctctttttttttcaaaacaaaggttcagaaaactaaaaaag
P99,Fabaceae,Vicia,Vicia americana,Vicia americana,species,atcctgctttccgaaaacaaaaaaataaaagtaaaagttcagaaagttaaaattaaacaaaaag
P100,Poaceae,Bromus,Bromus,NA,genus,atccgtgttttgagaaaaaaaaaggggggggttctcgaactagaatacaaaggaaaag
P101,Cupressaceae,Thuja,Thuja,NA,genus,atctcgatttctagagaaagg
P102,Poaceae,Poa,Poa,NA,genus,atccatgttttgagaaaacaagggggttctcgaactagaatacaaaggaaaag
P103,Poaceae,NA,Poeae,NA,tribe,atccgtgttttgagaaaaccagggggttctcgaactagaatacaaaggaaaag
P104,Asteraceae,NA,Asteraceae,NA,family,atcacgttttccgaaaacaaacaaagattcagaaagcgaaaatcaaaaag
P105,Onagraceae,NA,Onagreae,NA,tribe,atcctattttacgaaaaccaacaccgggggtttagaaagcgagaaaaaaaag
P106,Grossulariaceae,Ribes,Ribes,NA,genus,atcctgctttcctaaaacaaacaaaacacaagggttcagaaagagagaatcaaataaaaaag
P107,Saxifragaceae,Micranthes,Micranthes lyallii,Micranthes lyallii,species,atcctgttttacgaaaaaagg
P108,Plantaginaceae,Veronica,Veronica subgen. Veronica,NA,subgenus,atcctgtcttctaaaaacaaaggttcagaaagtgaaaaaaaag
P109,Asteraceae,NA,Asteroideae,NA,subfamily,atcacgttttccgaaaacaaacaaaggttcagaaagcgaaaagaaaaaaa
P110,Asteraceae,NA,Asteraceae,NA,family,atcacgttttccgaaaacaaaaaaaggttcagaaagcgaaaataaaaaag
P111,Poaceae,Poa,Poa apiculata,Poa apiculata,species,atctgtgttttgagaaaacaagggggttctcgaactagaatacaaaggaaaag
P112,Ranunculaceae,Delphinium,Delphinium,NA,genus,atcctgtttttagaaaacaaatgaaaatcaactaaagggttcagagaaagcaagaataaaag
P113,Gentianaceae,Gentianella,Gentianella,NA,genus,atcctattaaatattaaaatcaaaaaaagcaaaaagaaaggctcagaaagaaaaaaaag
P114,Primulaceae,Primula,Primula conjugens,Primula conjugens,species,atcctctttttcgaaaacaaaggttaaaggaaaatcaaaaaagggtg
P115,Brassicaceae,NA,Brassicaceae,NA,family,atcctggtttacgtgaacaaaccggagtttagaaagcgagaaaaaagg
P116,Cyperaceae,Carex,Carex subgen. Carex,NA,subgenus,atcttctttttgagaaaaagaaatatataaaaatataaaatatttcttatttcagataagaaataatattttttcttatctaatattaaa
P117,Ranunculaceae,Anemone,Anemone,NA,genus,atccttatttcagaaaacaaaagagggttcagaaagcaagaataaaaaaag
P118,Betulaceae,NA,Betulaceae,NA,family,atcctgttttccgaaaacaaataaaacaaatttaagggttcataaagtgagaataaaaaag
P119,Fabaceae,Astragalus,Astragalus,NA,genus,atcctgctttccgaaaacaaaaaaataaaagttcagaaagttaaaatgaaacaaaaaag
P120,Asteraceae,NA,Asteraceae,NA,family,atcacgttttccgaaaacaaacaaaggttcagaaagcgaaaagaaaaaag
P121,Bryaceae,Gemmabryum,Gemmabryum,NA,genus,atcttattgtctattaaaaataa
P122,Fagaceae,NA,Fagaceae,NA,family,atcctattttacgaaaacaaataagggttcagaagaaagcgagaataaaaaaag
P123,Brassicaceae,Physaria,Physaria arctica,Physaria arctica,species,atcctggtttacgcgaacaaaccggagtttagaaagcgacaaaaaggg
P124,Fabaceae,NA,Hedysareae,NA,tribe,atcctgctttccgaaaacaaacaaataaaagttcagaaagtgaaaataaaaaag
P125,Onagraceae,NA,Epilobieae,NA,tribe,atcctattttacgaaaaccagcaccgggggtttagaaagcgatcaaaaaaaag
P126,Cyperaceae,Carex,Carex subgen. Carex,NA,subgenus,atcttctttttgagaaaaagaaatatatgaaatatttcttatttcagataagaaataatgttttttcttatctaatattaaa
P127,Amaryllidaceae,Allium,Allium,NA,genus,atctttcttttttgaaaaacaaaggtttaaaaaagagaataaaaaag
P128,Saxifragaceae,Saxifraga,Saxifraga,NA,genus,atcctattttaagaaaacaaaacacaagggttcagaaagaaaaaaaaag
P129,Ranunculaceae,Ranunculus,Ranunculus,NA,genus,atcctgctttcagaaaacaaaaaaaaggggggattcagaaagcgaaaatagg
P130,Caryophyllaceae,NA,Caryophyllaceae,NA,family,ctcctttatgttttgtttctttttttttagcaaag
P131,Ranunculaceae,Thalictrum,Thalictrum,NA,genus,atcctggtttcagaaaacaaaaaaggggttcagaaagcaagaatacaaaaagaaaag
P132,NA,NA,Bryopsida,NA,class,attttattttaaaagtaa
P133,Pinaceae,NA,Pinaceae,NA,family,atccggttcatagagacaatggtttctttcctaggataggaaggg
P134,Rosaceae,Fallugia,Fallugia paradoxa,Fallugia paradoxa,species,atcccgttttatgaaaacaaataagggtttcagaaagcgagaataaataaag
P135,Caryophyllaceae,NA,Caryophyllaceae,NA,family,ctccttttattttcctttttttcaaaagcaaagatgaagaaagcaagaaaaaaagg
P136,NA,NA,Pentapetalae,NA,clade,atcctgttttcttaaaacaaagattcagaaaacgaaaaaaaaagg
P137,Juncaceae,Juncus,Juncus drummondii,Juncus drummondii,species,atctttattttgataaaatttgtttttatagaaaaactcgaatcaaaaaa
P138,NA,NA,Bryophytina,NA,clade,attttatcttgaaaatga
P139,Asteraceae,Crepis,Crepis nana,Crepis nana,species,atcacgttttccgaaaacaaacacaggttcagaaagcgaaaatcaaaaag
P140,Poaceae,Bromus,Bromus,NA,genus,atccgtgttttgagaaaaaaaaggggggttctcgaactagaatacaaaggaaaag
P141,Fabaceae,Oxytropis,Oxytropis,NA,genus,atcctgctttccgaaaacaaaaaaataaaagttcagaaagttaaaattaaacaaataaag
P142,Onagraceae,Gayophytum,Gayophytum,NA,genus,atcctattttacgaaaaccaacaccgggggggttagaaagcgagaaaaaaaaag
P143,Orobanchaceae,Pedicularis,Pedicularis flammea,Pedicularis flammea,species,atcttcttttttttttcaaaacaagagttcagaaaacgaaaaaag
P144,NA,NA,Hypnales,NA,order,atcttatttcgtttggaaataa
P145,Poaceae,Bromus,Bromus,NA,genus,atccgtgttttgagaaaaaaaaggggggggttctcgaactagaatacaaaggaaaag
P146,Salicaceae,NA,Salicaceae,NA,family,atcctatttttcgaaaacaaacaaaaaacaaacaaaggttcataaagacagaataagaatacaaaag
P147,Iridaceae,Sisyrinchium,Sisyrinchium,NA,genus,atctttattttgagaaaaaacaaggtttttaaaaactagaataaaaaag
P148,NA,NA,Lamiales,NA,order,atcctgttttctcaaaacaaaggttcagaaaacgaaaaaaaag
P149,Ericaceae,Phyllodoce,Phyllodoce aleutica,Phyllodoce aleutica,species,atcctttttttcgcaaacaaacaaagattccgaaagctaaaaaaaaag
P150,Primulaceae,Androsace,Androsace,NA,genus,atcctctttttagaaaacaaagattaaaggaaaataaaataaaaaaggggcg
P151,Asteraceae,NA,Artemisiinae,NA,subtribe,atcacgttttccgaaaacaaacaaaggttcagaaagcgaaaagaaaaaaaag
P152,Cyperaceae,Carex,Carex,NA,genus,atcttctttttgagaaaaagaaatatataaaatatttcttatttcatataagaaatattttatttcttatctaatattaaa
P153,Ericaceae,Pyrola,Pyrola,NA,genus,atccttttttttttgaaatttttgtttgttttcgaaaaaaagg
P154,Brassicaceae,Erysimum,Erysimum,NA,genus,atcctggtttacgcgaacaaatcggagtttagaaagcgagaaaaaagg
P155,Boraginaceae,NA,Boraginaceae,NA,family,atctggttttccgaaaacaaacaaaagttgaaaaagaaaaaag
P156,Fabaceae,Medicago,Medicago,NA,genus,atccttctttccgaaaacaaataaataaaagttcagaaagttaaaatcaaaaaag
P157,Rosaceae,Potentilla,Potentilla,NA,genus,atcccgttttatgaaaacaaacaagggtttcataaagcaagaataaataaag
P158,Saxifragaceae,NA,Saxifragaceae,NA,family,atcctgttttatgaaaaaaaag
P159,NA,NA,fabids,NA,clade,atcctgttttccgaaaaaaaagattcagaaagacagactaaaacag
P160,Fabaceae,Astragalus,Astragalus striatus,Astragalus striatus,species,atcctgctttccgaaaacaaaaaaataaaagtaaaagttcagaaagttaaaattaaaaaaaaaag
P161,Poaceae,NA,Hordeinae,NA,subtribe,atccgtgttttgagaagggattctcgaactagaatacaaaggaaaag
P162,Polygonaceae,NA,Eriogoneae,NA,tribe,ctcctgctttccaaactttccaaaagggagaagaaataaag
P163,Ranunculaceae,NA,Ranunculoideae,NA,subfamily,atcctgttttcagaaaacaaaaagggttcagaaagcaagaatcaaaaag
P164,Cyperaceae,Carex,Carex subgen. Carex,NA,subgenus,atcttctttttgagaaaaagaaatatataaaatatttcttatttcagataagaaaaaatattatttcttatctaatattaaa
P165,Cyperaceae,Carex,Carex subgen. Euthyceras,NA,subgenus,atcttctttttgagaaaaagaaatatataaaatatttcttatttcagataagaaataaaatatttcttatctaatattaaa
P166,Dicranaceae,Dicranum,Dicranum,NA,genus,attttatctcaaaaatga
P167,Orobanchaceae,Euphrasia,Euphrasia,NA,genus,atcctgttttttccaaacaaagattcagaaaacgaaaaaaag
P168,Saxifragaceae,Heuchera,Heuchera cylindrica var. cylindrica,Heuchera cylindrica,varietas,atcctgttttacgaaaacaaaacacaagggttcagaaagagagaataaaaaaaaagg
P169,Asteraceae,NA,Asteroideae,NA,subfamily,atcacgttttccgaaaacaaacaaaggttcagaaagcgaaaagaaaaaaag
P170,NA,NA,Asterales,NA,order,atcccgttttccgaaaacaaacaaaggttcagaaagcgaaaataaaaaag
P171,Caryophyllaceae,NA,Caryophyllaceae,NA,family,ctcctttatgttttgtttctttttttttttagcaaag
P172,Polemoniaceae,Polemonium,Polemonium,NA,genus,atccttattttcgaaaacaaacaaagattcggaaagcaaaaataagaaaaaaaaaagggg
P173,Brassicaceae,NA,Arabideae,NA,tribe,atcctggtttacgcgaacaaaccaaagtgtagaaagcgagaaagaagg
P174,Onagraceae,Oenothera,Oenothera nuttallii,Oenothera nuttallii,species,atcctattttacgaaaagcaacaccgggggtttagaaagcgagaaaaaaag
P175,Solanaceae,Capsicum,Capsicum,NA,genus,atcctattttctgaaaacaaataaaggttcagaaaaaaag
P176,Equisetaceae,Equisetum,Equisetum,NA,genus,attctacctag
P177,Musaceae,NA,Musaceae,NA,family,atccttattttgagaaaacaaaggtttataaaactagaatttaaaag
P178,Cyperaceae,Carex,Carex maritima,Carex maritima,species,atcttctttttgagaaaaagaaatatataaaatatttcttatttcagataagaaagaaataatatttcttatctaatattaaa
P179,Asteraceae,NA,Asteraceae,NA,family,atcacgttttccgaaaacaaacaaaggttcagaaagcgaaaataaaaaaag
P180,Pinaceae,NA,Pinaceae,NA,family,atccggttcatggagacaatggtttcttctcctaggataggaaggg
P181,Caryophyllaceae,Stellaria,Stellaria borealis,Stellaria borealis,species,ctccttaaatcgtctcctaaaaaaaacggattcaaaaagcaagaataaaaaag
P182,Polygonaceae,Polygonum,Polygonum,NA,genus,ctccttctttccaaaaggaagaaaaag
P183,Orobanchaceae,Pedicularis,Pedicularis,NA,genus,atcttctttttttttcaaaacaaaggtttagaaaacgaaaaaaaag
P184,Ericaceae,Pyrola,Pyrola,NA,genus,atcctttttttttgaaatttttgtttgttttcgaaaaaaagg
P185,Cyperaceae,Carex,Carex,NA,genus,atcttctttttgagaaaaagaaatatagaaaatatttcttatttcagataagaaagaataatatttcttatctaatattaaa
P186,NA,NA,Lamiales,NA,order,atcctgttttctcaaaacaaaggttcagaaaacgaaaaaaaaaag
P187,Saxifragaceae,Micranthes,Micranthes,NA,genus,atcctgttttatgaaaaaaaaaaag
P188,Saxifragaceae,Saxifraga,Saxifraga,NA,genus,atcctgttttaagaaagcaaaacacaagggttcagaaaaagcgaataaaaaaaag
P189,Asteraceae,NA,Asteraceae,NA,family,atcacgttttccgaaaacaaacaaaggttcagaaagcgaaaataaaaaaaa
P190,NA,NA,Hypnales,NA,order,atcttatttccttttgtttgaggataa
P191,Fabaceae,Astragalus,Astragalus,NA,genus,atcctgctttccgaaaacaaaaaaataaaagtaaaagttcagaaagttaaaattaaacaaaaaag
P192,Caryophyllaceae,Stellaria,Stellaria longifolia,Stellaria longifolia,species,ctccttaaatcgtctcctaaaaaaaaaacggattcaaaaagcaagaataaaaaag
P193,Campanulaceae,NA,Campanulaceae,NA,family,atccggttttctgacaataacaaaaggttcagaaagcgaaaaag
P194,Cyperaceae,Carex,Carex vaginata,Carex vaginata,species,atcttctttttgataaaaagaaatatatcaaatatttcttatttaagataagaaataatattttttcttatctaatattaaa
P195,Poaceae,NA,BOP clade,NA,clade,atccgtgttttgagaaaacaaggggttctcgaactagaatccaaaggaaaag
P196,Orchidaceae,Cypripedium,Cypripedium reginae,Cypripedium reginae,species,atcctttttttttatggaaaaagg
P197,Caryophyllaceae,Sabulina,Sabulina,NA,genus,ctcctcttttttgtccccctttttcaaaaaaaaaaggattcagaaagcaagactaaaaaag
P198,Caprifoliaceae,Symphoricarpos,Symphoricarpos,NA,genus,atccagttttctgaaaacaaacaggggttcagaaagcaaaaatcaaaaag
P199,Rosaceae,Chamaerhodos,Chamaerhodos,NA,genus,atcctgttttctgaaaacaaacaaaggtttcagaaagcgagaataaataaag
P200,Poaceae,Bromus,Bromus lanatus,Bromus lanatus,species,atccgtgttttgagaaaaaaaaaaagggggggttctcgaactagaatacaaaggaaaag
P201,Salicaceae,Populus,Populus angustifolia,Populus angustifolia,species,atcctatttttcgaaaacaaacaaaaaaaacaaacaaaggttcataaagacagaataagaatacaaaag
P202,Rosaceae,Geum,Geum,NA,genus,atcccgttttatgaaaagaaacaagggtttcataacgcgagaataaataaag
P203,Apiaceae,NA,Apiaceae,NA,family,atcctattttccaaaaacaaacaaaggcccagaaggtgaaaaaag
P204,Caryophyllaceae,Silene,Silene subgen. Behenantha,NA,subgenus,ctccttttttcaaaagcaaaaaaaagtattaagaaagaaaaaaag
P205,Ericaceae,Rhododendron,Rhododendron,NA,genus,atccttttttcgcaaacaaacaaagattccgaaagctaaaaaaagg
P206,Brassicaceae,NA,Arabideae,NA,tribe,atcctggtttacgcgaaccaaccagagtgtagaaagcgagaaagaagg
P207,Saxifragaceae,Saxifraga,Saxifraga,NA,genus,atcctgttttaagaaagcaaaacacaagggttcagaaaaagaaaaaaaaag
P208,Ranunculaceae,Anemone,Anemone,NA,genus,atccttatttcagaaaacaaaagggggttcagaaagcaagaataaaaaag
P209,Boraginaceae,NA,Boraginaceae,NA,family,atccggttttccgaaaacaaacaaaagttgaaaaagaaaaaag
P210,Pinaceae,Picea,Picea,NA,genus,atccggttcattgagacaatagtttcttcttttcttctcctaagataggaaggg
P211,Saxifragaceae,Saxifraga,Saxifraga,NA,genus,atcctgttttaagaaagcaaaacacaagggttcagaaaaagcgaataaaaaaaaaaag
P212,Amaryllidaceae,Allium,Allium,NA,genus,atctttattttttgaaaaacaagggtttaaaaaagagaataaaaaag
P213,Orobanchaceae,Pedicularis,Pedicularis,NA,genus,atcctctttttttttcaaaacaaaggttcagaaaacgaaaaaag
P214,Plantaginaceae,Plantago,Plantago,NA,genus,atcctgtcttctcaaaataaaggttcataaagcgaaaaggg
P215,Ericaceae,Pyrola,Pyrola,NA,genus,atcctttttttttttgaaatttttgtttgttttcgaaaaaaagg
P216,Asteraceae,NA,Gnaphalieae,NA,tribe,atcacgttttctgaaaacaaacaaaggttcagaaagcgaaaataaaaag
P217,Ranunculaceae,NA,Ranunculeae,NA,tribe,atcctgctttcagaaaacaaaaaggggggttcagaaagaaaaaaagg
P218,Brassicaceae,Brassica,Brassica oleracea,Brassica oleracea,species,atcctaggttacgcgaacaaaccaaagtttagaaagcgg
P219,Caryophyllaceae,Stellaria,Stellaria,NA,genus,ctccttaaatcgtctcctaaaaaaaaacggattcaaaaaacaagaataaaaaag
P220,NA,NA,Pentapetalae,NA,clade,atcctattttacgaaaaccaacaccgggggtttagaaagcgagaaaaaaag
P221,NA,NA,Hypnales,NA,order,atattatttcgtttgaaaatga
P222,Saxifragaceae,Saxifraga,Saxifraga kotschyi,Saxifraga kotschyi,species,atcctgttttaagaaagcaaaacacaagggttcagaaaaagcgaataaaaaaaaaag
P223,NA,NA,Dicranales,NA,order,attttatcttaaaaatga
P224,Poaceae,Bromus,Bromus,NA,genus,atccgtgttttgagaaaaaaaaagggggttctcgaactagaatacaaaggaaaag
P225,Poaceae,Bromus,Bromus,NA,genus,atccgtgttttgagaaaaaaaagggggttctcgaactagaatacaaaggaaaag
P226,Poaceae,Bromus,Bromus,NA,genus,atccgtgttttgagaaaaaaaaaggggttctcgaactagaatacaaaggaaaag
P227,Cystopteridaceae,Cystopteris,Cystopteris,NA,genus,atcttgtattactcaaatgaatttcgggcgataaggcaa
P228,Orobanchaceae,Pedicularis,Pedicularis,NA,genus,atcctcttttttttttcaaaacaaaggttcagaaaacgaaaaaag
P229,Fabaceae,NA,Acacieae,NA,tribe,atcctgttttccaaaaaccaagaagagttcagaaagggagaataaaataaaaaaag
P230,Fabaceae,NA,Acacieae,NA,tribe,atcctgttttccgaaaaccaagaagagttcagaaaaggagaataaaaaaag
P231,Ericaceae,NA,Vaccinieae,NA,tribe,atcctttttttttggcaaacaaataaagattccgaaagaaaaagg
P232,Rosaceae,Prunus,Prunus,NA,genus,atcctgttttattaaaacaaacaagggtttcataaaccgagaataaaaaag
P233,Gentianaceae,Gentianella,Gentianella,NA,genus,atcctattaaatattaaaatcaaaaaaagcaaaaagaaaggctcagaaagaaaaaaag
P234,Asteraceae,NA,Asteraceae,NA,family,atcacgttttctgaaaacaaacaaaggttcagaaagcgaaaataaaaaag
P235,NA,NA,Asterales,NA,order,atcccgttttccgaaaacaaacaaaggttcagaaagcgaaaatcaaaaag
P236,Asteraceae,NA,Asteraceae,NA,family,atcacgttttccgaaaacaaacaaaggttcagaaagcgaaaataaaaaaa
P237,Celastraceae,Parnassia,Parnassia,NA,genus,atcctattttccaaaaacaaagaaaggttcagaaactaagaataaaactaaaacaaggg
P238,Violaceae,Viola,Viola,NA,genus,atccggttttttgaaatgaaaaaaaaagtttatatagacagaataaaaaag
P239,Brassicaceae,Arabis,Arabis,NA,genus,atcctggtttacgcgaacaaacctgcgtttaaaaagcgagaaaagagg
P240,Brassicaceae,NA,Thlaspideae,NA,tribe,atcctggtttacgcgaacaaacctgagtttagaaagcgataaaaagg
P241,Ericaceae,NA,Ericoideae,NA,subfamily,atcctttttttcgcaaacaaacaaagattccgaaagctaaaaaaaag
P242,Asteraceae,NA,Asteroideae,NA,subfamily,atcacgttttccgaaaacaaacaaaggttcagaaagcgaaaaaaaag
P243,Asteraceae,NA,Astereae,NA,tribe,atcacgttttccgaaaacaagcaaaggttcagaaagcgaaaaaaaaaaag
P244,Polygonaceae,Rheum,Rheum,NA,genus,ctccttctttccaaaaggaagaataaaaaag
P245,Crassulaceae,Rhodiola,Rhodiola,NA,genus,atcttcttttccgaaaccaaacccaaatacaggggttcaaaaagcgcgaataaaaaag
P246,Lamiaceae,Ocimum,Ocimum,NA,genus,atcctgttttctcaaaacaaaagttcaaaaaacgaaaaaaaaaaaaag
P247,Asteraceae,NA,Anthemideae,NA,tribe,atcacgttttccgaaaacaaacaaaggttcagaaagcgaaaagaaaaaaaaaa
P248,Onagraceae,Oenothera,Oenothera,NA,genus,atcctattttacgaaaaccaacaccgggggtttagaaagcgagaaaaaaaaaag
P249,Dryopteridaceae,Dryopteris,Dryopteris,NA,genus,atcttgtcttactcaaatgaatttcgggcgatgaggcga
P250,Fabaceae,Oxytropis,Oxytropis sp. TS-2017,Oxytropis sp. TS-2017,species,atcctgctttccgaaaacaaaaaaataaaagttcagaaagttcaaatgaaagaaataaag
P251,Campanulaceae,Lobelia,Lobelia galpinii,Lobelia galpinii,species,atcccgttttatgaaaacaaacaaaggttcagaaagcgaaaatcaaaaag
P252,Poaceae,NA,Dactylidinae,NA,subtribe,atccgtgttttgagaaaacaaagaaaggggttctcgaactagaatacaaaggaaaag
P253,Brassicaceae,NA,Boechereae,NA,tribe,atcctggtttatgtgaacaaaccggagtttagaaagcgagaaaaaagg
P254,Asteraceae,NA,Hieraciinae,NA,subtribe,atcacgttttccgaaaacaaaaaaggttcagaaagcgaaaataaaaaag
P255,Bryaceae,NA,Bryaceae,NA,family,attttattgtctattaaaaataa
P256,Polygonaceae,Pteroxygonum,Pteroxygonum denticulatum,Pteroxygonum denticulatum,species,ctcctgctttccaaaaggaagaataaaaaaag
P257,Lamiaceae,Ocimum,Ocimum,NA,genus,atcctgttttctcaaaacaaaagttcaaaaaacgaaaaaaaaaaaaaag
P258,Orobanchaceae,Orthocarpus,Orthocarpus,NA,genus,atcctgttttctaaaaaaaaaggttcagaaaacgaaaaaaaaaag
P259,NA,NA,Mesangiospermae,NA,clade,atcacgttttccgaaaacaagcaaaggttcagaaagcgaaa
P260,Brassicaceae,NA,Brassicaceae,NA,family,atcctcggttacgcgaacaaaccggagtttacgagaaaaaagg
P261,Cyperaceae,Carex,Carex diandra,Carex diandra,species,atcttctttttgagaaaaagaaatatataaaaatatataaaatatttcttatttcagataagaaagaataatatttcttatctaatattaaa
P262,Asteraceae,NA,Asteroideae,NA,subfamily,atcacgttttccgaaaacaaacaaaggttcagaaagcgaaaatcaaaag
P263,Brassicaceae,Draba,Draba,NA,genus,atcctggtttacgcgaacaaaccaaccaaagtgtagaaagcgagaaagaagg
P264,Asteraceae,Sabazia,Sabazia sarmentosa,Sabazia sarmentosa,species,atcacgttttccgaaaacaagcaaaggttcagaaagcgaaaagaaaaaag
P265,Asteraceae,Anisopappus,Anisopappus corymbosus,Anisopappus corymbosus,species,atcacgttttccgaaaacaaaggttcagaaagcgaaaataaaaag
P266,Asteraceae,Lasthenia,Lasthenia californica,Lasthenia californica,species,atcacgttttccgaaaacaaacaaaggttcagaaagcgaaaaaaaaaaaaa
P267,Rutaceae,Harrisonia,Harrisonia abyssinica,Harrisonia abyssinica,species,atcctgttttccaagaacaaccaagggttcagaaaacgaaaaaggg
P268,Cucurbitaceae,NA,Cucurbitaceae,NA,family,atcctttttccgaaaacaaaaaaaaaag
P269,Poaceae,NA,Poaceae,NA,family,atccgtgttttgagaaaacaagtggttctcgaactagaatccaaaggaaaag
P270,Ericaceae,NA,Ericeae,NA,tribe,atcctttttttcgcaaacaaacaaagattccgaaagctaaaaaaag
P271,Bartramiaceae,NA,Bartramiaceae,NA,family,atcttatttgatttaaaaataa
P272,Potamogetonaceae,Stuckenia,Stuckenia,NA,genus,atccctgttttgagaaaaaagggtttattttctatatttcgaattttctattatatagaaattcaaaaataagaatttaaaaaagg
P273,Ericaceae,Pyrola,Pyrola chlorantha,Pyrola chlorantha,species,atccttttttttttatttttgtttgttttagaaaaaaaaaagg
P274,NA,NA,rosids,NA,clade,atcccgttttcggaaaggaaataaacattaagaaagcgagaataaaaaagg
P275,Asteraceae,NA,South American lineages,NA,clade,atcacgttttccaaaaacaagcaaaggttcagaaagcgaaaataaaaaag
P276,Asteraceae,NA,Cardueae,NA,tribe,atcacgttttacgaaaacaaacaaaggttcagaaagcgaaaatcaaaaag
P277,NA,NA,Lamiales,NA,order,atcctgttttctcaaaacaaaggttcagaaaacgaaaaaaaaaaag
P278,Onagraceae,Epilobium,Epilobium,NA,genus,atcctattttacgaaaaccagcaccgggggtttagaaagcgataaaaaaaaag
P279,Gentianaceae,Gentiana,Gentiana,NA,genus,atcctatttttcgaaaaagcaaaaagtaaaggcttagaaagaaaaaaag
P280,NA,NA,Lamiales,NA,order,atcctgttttctcaaaacaaaggttcagaaaacgaaaaaaag
P281,Rosaceae,Sorbus,Sorbus aucuparia,Sorbus aucuparia,species,atcctgttttatgaaaacaaacaagggtttcataaagcgaaaataaaaaag
P282,NA,NA,Mesangiospermae,NA,clade,atcctgttttcccaaaacaaaggttcagaaagaaaaaag
P283,Orobanchaceae,Pedicularis,Pedicularis ascendens,Pedicularis ascendens,species,atcttcttttttttttcaaaacaaaggtttagaaaacgaaaaaaaag
P284,Ericaceae,Orthilia,Orthilia secunda,Orthilia secunda,species,atccttttttttttcgaaaacaaacaaagatttcgaaagcgaaaaaaaaaaag
P285,Orobanchaceae,Orthocarpus,Orthocarpus,NA,genus,atcctgttttctaaaaaaaaaggttcagaaaacgaaaaaaaaag
P286,Solanaceae,NA,Solanoideae,NA,subfamily,atcctgttttctgaaaacaaaccaaggttcagaaaaaaag
P287,Saxifragaceae,Saxifraga,Saxifraga,NA,genus,atcctgttttaagaaagcaaaacacaagggttcagaaaaagcgaataaaaaaag
P288,Asteraceae,NA,Vernonieae,NA,tribe,atcacgttttccgaaaacaaaggttcagaaagcgaaaagaaaaaag
P289,Fabaceae,Hedysarum,Hedysarum,NA,genus,atcctgctttccgaaaacaaacaaataaaagttcagcaaagtgaaaataaaaaaag
P290,Fabaceae,Oxytropis,Oxytropis lanata,Oxytropis lanata,species,atcctgctttccgaaaacaaaaaaataaaagttcagaaagttaaaatgaaacaaataagg
P291,Dennstaedtiaceae,NA,Dennstaedtiaceae,NA,family,atcttgtattacccgaatgaatttcggtcgatggaacga
P292,Scrophulariaceae,Leucophyllum,Leucophyllum mojinense,Leucophyllum mojinense,species,atcctgttttctcaaaacaaaggttcagaaagcgaaaaaaaag
P293,Primulaceae,Androsace,Androsace septentrionalis,Androsace septentrionalis,species,atcctctttttagaattttagaaaacaaaaatgaaagaaaaaaaaaaggggg
P294,Fabaceae,Trifolium,Trifolium,NA,genus,atccttctttccgaaaacaaaataaaagttcagaaagttaaaataaaaaagg
P295,Bignoniaceae,NA,Bignoniaceae,NA,family,atccttttttctcaaaacaaaggttcagaaaacgaaaaaaaaag
P296,Asteraceae,NA,Asteraceae,NA,family,atcacgttttccgaaaacaaacaaaggttcagaaggcgaaaatcaaaaag
P297,Saxifragaceae,Saxifraga,Saxifraga,NA,genus,atcctgttttaagaaagcaaaacacaagggttcagaaaaagaaaaaaaag
P298,Caryophyllaceae,Eremogone,Eremogone,NA,genus,ctcctttatgttttgtttcttttttttttttagcaaag
P299,NA,NA,Spermatophyta,NA,clade,atcctgttttccgaaaaccaagaagagttcagaaagggagaataaaaaaag
P300,Brassicaceae,NA,Brassicaceae,NA,family,atcctggtttacgcgaacaaaccggagtttagaaaacgagaaaaaagg
P301,Campanulaceae,NA,Campanulaceae,NA,family,atccggttttctgacaataacaaaaggttcagaaagcaaaaatcaaaaag
P302,Vitaceae,Cissus,Cissus,NA,genus,atcccgttttccgaaaacaacagaaaactatatataataaaaaaaag
P303,Fabaceae,Acacia,Acacia fleckii,Acacia fleckii,species,atcctgttttacaaaaaccaagaagagttcagaaagggagaataaaataaaaaaag
P304,Saxifragaceae,Saxifraga,Saxifraga,NA,genus,atcctgttttaagaaagcaaaacacaagggttcagaaaaagcgaataaaaaaaaag
P305,Vitaceae,NA,Vitaceae,NA,family,atcctgttttccgaaaacaaccaagggttcagaaaacgataataaaaaaag
P306,NA,NA,Spermatophyta,NA,clade,atcccttttttgaaaaaacaagtggttctcaaactagaacccaaaggaaaag
P307,Asteraceae,Uechtritzia,Uechtritzia kokanica,Uechtritzia kokanica,species,atcacgttttccgaaaacaaataaaggttcagaaagcgaaaatcaaaaag
P308,Juncaceae,NA,Juncaceae,NA,family,atctttattttgagataattggtttttatataaaaactaaaatcaaaaaa
P309,Cyperaceae,Carex,Carex kiotensis,Carex kiotensis,species,atcttctttttgagaaaaagagatatataaaatatttcttatttcagataagaaataatattttttcttatctaatattaaa
P310,Ericaceae,Pyrola,Pyrola,NA,genus,atctttttttttttgaaatttttgtttgttttcgaaaaaaaagg
P311,Asteraceae,Mecomischus,Mecomischus halimifolius,Mecomischus halimifolius,species,atcgcgttttccgaaaacaaacaaaggttcagaaagcgaaaagaaaaaaa
P312,Fabaceae,Astragalus,Astragalus horridus,Astragalus horridus,species,atcctgctttccgaaaacaaaaaaataaaagttcagaaagttaaaattaaaaaaaaaaag
P313,Sapindaceae,Acer,Acer,NA,genus,atcctgttttacgagaataaaacaaagcaaacaagggttcagaaagcgagaaaagg
P314,Combretaceae,Combretum,Combretum coccineum,Combretum coccineum,species,atccgattttatgaaaaccaacaaaaaacaaaacaacaaagattcataaagcaagaataaaaaaag
P315,Brassicaceae,NA,Brassicaceae,NA,family,atcctgggttacgcgaacaaaccagagtttagaaagcgg
P316,Chenopodiaceae,Bassia,Bassia scoparia,Bassia scoparia,species,ctccttttgaaaaaggaaaaaaag